{"cameraMode":{"drawMode":0,"name":"Shaded","section":"Shading Mode"},"sceneLighting":true,"audioPlay":false,"sceneViewState":{"showFog":true,"showMaterialUpdate":false,"showSkybox":true,"showFlares":true,"showImageEffects":true,"showParticleSystems":true},"in2DMode":false,"pivot":{"x":13.79660415649414,"y":12.802080154418946,"z":7.484757423400879},"rotation":{"x":-0.20964926481246949,"y":0.5424178242683411,"z":-0.1419682502746582,"w":-0.8010463118553162},"size":42.219207763671878,"orthographic":false}