{"cameraMode":{"drawMode":0,"name":"Shaded","section":"Shading Mode"},"sceneLighting":true,"audioPlay":false,"sceneViewState":{"showFog":true,"showMaterialUpdate":false,"showSkybox":true,"showFlares":true,"showImageEffects":true,"showParticleSystems":true},"in2DMode":false,"pivot":{"x":655.170166015625,"y":413.88983154296877,"z":-890.9537963867188},"rotation":{"x":0.038450904190540317,"y":0.008991535753011704,"z":-0.0003424091264605522,"w":0.9992200136184692},"size":22.536596298217775,"orthographic":false}