{"cameraMode":{"drawMode":0,"name":"Shaded","section":"Shading Mode"},"sceneLighting":true,"audioPlay":false,"sceneViewState":{"showFog":true,"showMaterialUpdate":false,"showSkybox":true,"showFlares":true,"showImageEffects":true,"showParticleSystems":true},"in2DMode":false,"pivot":{"x":3.987257957458496,"y":1.625579833984375,"z":-13.994600296020508},"rotation":{"x":0.254180908203125,"y":-0.30126476287841799,"z":0.08366899937391281,"w":0.9152219295501709},"size":29.14571762084961,"orthographic":false}