{"cameraMode":{"drawMode":0,"name":"Shaded","section":"Shading Mode"},"sceneLighting":true,"audioPlay":false,"sceneViewState":{"showFog":true,"showMaterialUpdate":false,"showSkybox":true,"showFlares":true,"showImageEffects":true,"showParticleSystems":true},"in2DMode":false,"pivot":{"x":11.079017639160157,"y":7.012712478637695,"z":-23.701688766479493},"rotation":{"x":-0.3456396758556366,"y":0.29489684104919436,"z":-0.11539825797080994,"w":-0.8833189606666565},"size":33.46550369262695,"orthographic":false}