{"cameraMode":{"drawMode":0,"name":"Shaded","section":"Shading Mode"},"sceneLighting":true,"audioPlay":false,"sceneViewState":{"showFog":true,"showMaterialUpdate":false,"showSkybox":true,"showFlares":true,"showImageEffects":true,"showParticleSystems":true},"in2DMode":false,"pivot":{"x":-3.4290611743927,"y":17.422256469726564,"z":17.535249710083009},"rotation":{"x":-0.20497867465019227,"y":0.002050356473773718,"z":-0.0004341385792940855,"w":-0.9787642359733582},"size":40.97981643676758,"orthographic":false}