{"cameraMode":{"drawMode":0,"name":"Shaded","section":"Shading Mode"},"sceneLighting":true,"audioPlay":false,"sceneViewState":{"showFog":true,"showMaterialUpdate":false,"showSkybox":true,"showFlares":true,"showImageEffects":true,"showParticleSystems":true},"in2DMode":false,"pivot":{"x":1.5939128398895264,"y":9.701802253723145,"z":-37.1903190612793},"rotation":{"x":-0.16516423225402833,"y":0.10099557787179947,"z":-0.017005106434226037,"w":-0.9809340238571167},"size":10.0,"orthographic":false}